{
    "brief": {
        "MR-full-R1@0.3": 64.92,
        "MR-full-R1@0.5": 53.25,
        "MR-full-R1@0.7": 34.06,
        "MR-full-mAP": 38.94,
        "MR-full-mAP@0.5": 67.66,
        "MR-full-mAP@0.75": 37.99,
        "MR-full-mIoU": 46.81,
        "MR-long-mAP": 0.0,
        "MR-middle-mAP": 36.77,
        "MR-short-mAP": 39.53
    },
    "full": {
        "MR-mIoU": 46.81,
        "MR-mAP": {
            "0.5": 67.66,
            "0.55": 63.83,
            "0.6": 59.51,
            "0.65": 53.7,
            "0.7": 46.44,
            "0.75": 37.99,
            "0.8": 28.46,
            "0.85": 17.78,
            "0.9": 9.92,
            "0.95": 4.15,
            "average": 38.94
        },
        "MR-R1": {
            "0.3": 64.92,
            "0.35": 62.66,
            "0.4": 60.16,
            "0.45": 56.56,
            "0.5": 53.25,
            "0.55": 49.38,
            "0.6": 45.24,
            "0.65": 40.08,
            "0.7": 34.06,
            "0.75": 27.5,
            "0.8": 20.56,
            "0.85": 13.31,
            "0.9": 7.47,
            "0.95": 3.31
        }
    },
    "long": {
        "MR-mAP": {
            "0.5": 0.0,
            "0.525": 0.0,
            "0.55": 0.0,
            "0.575": 0.0,
            "0.6": 0.0,
            "0.625": 0.0,
            "0.65": 0.0,
            "0.675": 0.0,
            "0.7": 0.0,
            "0.725": 0.0,
            "0.75": 0.0,
            "0.7749999999999999": 0.0,
            "0.8": 0.0,
            "0.825": 0.0,
            "0.85": 0.0,
            "0.875": 0.0,
            "0.8999999999999999": 0.0,
            "0.925": 0.0,
            "0.95": 0.0,
            "average": 0.0
        },
        "MR-R1": {
            "0.5": 0.0,
            "0.525": 0.0,
            "0.55": 0.0,
            "0.575": 0.0,
            "0.6": 0.0,
            "0.625": 0.0,
            "0.65": 0.0,
            "0.675": 0.0,
            "0.7": 0.0,
            "0.725": 0.0,
            "0.75": 0.0,
            "0.7749999999999999": 0.0,
            "0.8": 0.0,
            "0.825": 0.0,
            "0.85": 0.0,
            "0.875": 0.0,
            "0.8999999999999999": 0.0,
            "0.925": 0.0,
            "0.95": 0.0,
            "average": 0.0
        }
    },
    "middle": {
        "MR-mIoU": 47.22,
        "MR-mAP": {
            "0.5": 68.63,
            "0.55": 64.06,
            "0.6": 58.42,
            "0.65": 49.82,
            "0.7": 42.01,
            "0.75": 33.17,
            "0.8": 24.9,
            "0.85": 15.19,
            "0.9": 8.31,
            "0.95": 3.24,
            "average": 36.77
        },
        "MR-R1": {
            "0.3": 67.39,
            "0.35": 64.97,
            "0.4": 62.31,
            "0.45": 57.61,
            "0.5": 54.06,
            "0.55": 49.11,
            "0.6": 44.42,
            "0.65": 36.29,
            "0.7": 30.2,
            "0.75": 24.11,
            "0.8": 19.04,
            "0.85": 12.18,
            "0.9": 6.85,
            "0.95": 2.92
        }
    },
    "short": {
        "MR-mIoU": 46.7,
        "MR-mAP": {
            "0.5": 67.4,
            "0.55": 63.76,
            "0.6": 59.8,
            "0.65": 54.74,
            "0.7": 47.63,
            "0.75": 39.29,
            "0.8": 29.41,
            "0.85": 18.48,
            "0.9": 10.36,
            "0.95": 4.39,
            "average": 39.53
        },
        "MR-R1": {
            "0.3": 64.26,
            "0.35": 62.04,
            "0.4": 59.58,
            "0.45": 56.28,
            "0.5": 53.04,
            "0.55": 49.45,
            "0.6": 45.46,
            "0.65": 41.1,
            "0.7": 35.1,
            "0.75": 28.41,
            "0.8": 20.98,
            "0.85": 13.61,
            "0.9": 7.64,
            "0.95": 3.41
        }
    }
}