{
    "brief": {
        "MR-full-R1@0.3": 67.23,
        "MR-full-R1@0.5": 56.91,
        "MR-full-R1@0.7": 38.84,
        "MR-full-mAP": 42.11,
        "MR-full-mAP@0.5": 69.78,
        "MR-full-mAP@0.75": 43.0,
        "MR-full-mIoU": 49.29,
        "MR-long-mAP": 0.0,
        "MR-middle-mAP": 39.16,
        "MR-short-mAP": 42.91
    },
    "full": {
        "MR-mIoU": 49.29,
        "MR-mAP": {
            "0.5": 69.78,
            "0.55": 66.09,
            "0.6": 62.46,
            "0.65": 57.17,
            "0.7": 51.37,
            "0.75": 43.0,
            "0.8": 33.04,
            "0.85": 21.57,
            "0.9": 12.63,
            "0.95": 4.02,
            "average": 42.11
        },
        "MR-R1": {
            "0.3": 67.23,
            "0.35": 65.13,
            "0.4": 62.31,
            "0.45": 59.46,
            "0.5": 56.91,
            "0.55": 52.74,
            "0.6": 49.11,
            "0.65": 44.09,
            "0.7": 38.84,
            "0.75": 32.1,
            "0.8": 24.73,
            "0.85": 16.34,
            "0.9": 9.78,
            "0.95": 3.06
        }
    },
    "long": {
        "MR-mAP": {
            "0.5": 0.0,
            "0.525": 0.0,
            "0.55": 0.0,
            "0.575": 0.0,
            "0.6": 0.0,
            "0.625": 0.0,
            "0.65": 0.0,
            "0.675": 0.0,
            "0.7": 0.0,
            "0.725": 0.0,
            "0.75": 0.0,
            "0.7749999999999999": 0.0,
            "0.8": 0.0,
            "0.825": 0.0,
            "0.85": 0.0,
            "0.875": 0.0,
            "0.8999999999999999": 0.0,
            "0.925": 0.0,
            "0.95": 0.0,
            "average": 0.0
        },
        "MR-R1": {
            "0.5": 0.0,
            "0.525": 0.0,
            "0.55": 0.0,
            "0.575": 0.0,
            "0.6": 0.0,
            "0.625": 0.0,
            "0.65": 0.0,
            "0.675": 0.0,
            "0.7": 0.0,
            "0.725": 0.0,
            "0.75": 0.0,
            "0.7749999999999999": 0.0,
            "0.8": 0.0,
            "0.825": 0.0,
            "0.85": 0.0,
            "0.875": 0.0,
            "0.8999999999999999": 0.0,
            "0.925": 0.0,
            "0.95": 0.0,
            "average": 0.0
        }
    },
    "middle": {
        "MR-mIoU": 49.24,
        "MR-mAP": {
            "0.5": 69.12,
            "0.55": 64.88,
            "0.6": 60.35,
            "0.65": 52.5,
            "0.7": 45.14,
            "0.75": 37.54,
            "0.8": 29.54,
            "0.85": 18.81,
            "0.9": 10.79,
            "0.95": 2.97,
            "average": 39.16
        },
        "MR-R1": {
            "0.3": 68.91,
            "0.35": 67.13,
            "0.4": 63.71,
            "0.45": 58.76,
            "0.5": 56.09,
            "0.55": 51.65,
            "0.6": 46.95,
            "0.65": 40.36,
            "0.7": 33.76,
            "0.75": 28.55,
            "0.8": 23.22,
            "0.85": 15.23,
            "0.9": 9.01,
            "0.95": 2.54
        }
    },
    "short": {
        "MR-mIoU": 49.3,
        "MR-mAP": {
            "0.5": 69.95,
            "0.55": 66.42,
            "0.6": 63.02,
            "0.65": 58.42,
            "0.7": 53.05,
            "0.75": 44.47,
            "0.8": 33.98,
            "0.85": 22.31,
            "0.9": 13.12,
            "0.95": 4.3,
            "average": 42.91
        },
        "MR-R1": {
            "0.3": 66.78,
            "0.35": 64.6,
            "0.4": 61.94,
            "0.45": 59.65,
            "0.5": 57.13,
            "0.55": 53.04,
            "0.6": 49.69,
            "0.65": 45.09,
            "0.7": 40.21,
            "0.75": 33.05,
            "0.8": 25.14,
            "0.85": 16.64,
            "0.9": 9.99,
            "0.95": 3.21
        }
    }
}