{
    "brief": {
        "MR-full-R1@0.3": 67.61,
        "MR-full-R1@0.5": 57.1,
        "MR-full-R1@0.7": 38.98,
        "MR-full-mAP": 40.35,
        "MR-full-mAP@0.5": 65.0,
        "MR-full-mAP@0.75": 41.0,
        "MR-full-mIoU": 49.47,
        "MR-long-mAP": 0.0,
        "MR-middle-mAP": 37.29,
        "MR-short-mAP": 41.17
    },
    "full": {
        "MR-mIoU": 49.47,
        "MR-mAP": {
            "0.5": 65.0,
            "0.55": 61.24,
            "0.6": 57.69,
            "0.65": 52.84,
            "0.7": 47.62,
            "0.75": 41.0,
            "0.8": 33.18,
            "0.85": 24.08,
            "0.9": 15.19,
            "0.95": 5.66,
            "average": 40.35
        },
        "MR-R1": {
            "0.3": 67.61,
            "0.35": 65.4,
            "0.4": 62.61,
            "0.45": 59.68,
            "0.5": 57.1,
            "0.55": 52.9,
            "0.6": 49.3,
            "0.65": 44.17,
            "0.7": 38.98,
            "0.75": 32.34,
            "0.8": 24.84,
            "0.85": 16.32,
            "0.9": 9.68,
            "0.95": 3.01
        }
    },
    "long": {
        "MR-mAP": {
            "0.5": 0.0,
            "0.525": 0.0,
            "0.55": 0.0,
            "0.575": 0.0,
            "0.6": 0.0,
            "0.625": 0.0,
            "0.65": 0.0,
            "0.675": 0.0,
            "0.7": 0.0,
            "0.725": 0.0,
            "0.75": 0.0,
            "0.7749999999999999": 0.0,
            "0.8": 0.0,
            "0.825": 0.0,
            "0.85": 0.0,
            "0.875": 0.0,
            "0.8999999999999999": 0.0,
            "0.925": 0.0,
            "0.95": 0.0,
            "average": 0.0
        },
        "MR-R1": {
            "0.5": 0.0,
            "0.525": 0.0,
            "0.55": 0.0,
            "0.575": 0.0,
            "0.6": 0.0,
            "0.625": 0.0,
            "0.65": 0.0,
            "0.675": 0.0,
            "0.7": 0.0,
            "0.725": 0.0,
            "0.75": 0.0,
            "0.7749999999999999": 0.0,
            "0.8": 0.0,
            "0.825": 0.0,
            "0.85": 0.0,
            "0.875": 0.0,
            "0.8999999999999999": 0.0,
            "0.925": 0.0,
            "0.95": 0.0,
            "average": 0.0
        }
    },
    "middle": {
        "MR-mIoU": 48.71,
        "MR-mAP": {
            "0.5": 63.89,
            "0.55": 59.57,
            "0.6": 55.05,
            "0.65": 48.44,
            "0.7": 41.89,
            "0.75": 36.0,
            "0.8": 29.81,
            "0.85": 21.07,
            "0.9": 12.53,
            "0.95": 4.67,
            "average": 37.29
        },
        "MR-R1": {
            "0.3": 68.65,
            "0.35": 66.62,
            "0.4": 63.07,
            "0.45": 57.87,
            "0.5": 55.08,
            "0.55": 50.51,
            "0.6": 45.81,
            "0.65": 39.47,
            "0.7": 33.25,
            "0.75": 28.17,
            "0.8": 22.59,
            "0.85": 14.72,
            "0.9": 8.63,
            "0.95": 2.54
        }
    },
    "short": {
        "MR-mIoU": 49.68,
        "MR-mAP": {
            "0.5": 65.29,
            "0.55": 61.69,
            "0.6": 58.4,
            "0.65": 54.02,
            "0.7": 49.16,
            "0.75": 42.35,
            "0.8": 34.08,
            "0.85": 24.89,
            "0.9": 15.9,
            "0.95": 5.92,
            "average": 41.17
        },
        "MR-R1": {
            "0.3": 67.33,
            "0.35": 65.08,
            "0.4": 62.48,
            "0.45": 60.16,
            "0.5": 57.64,
            "0.55": 53.55,
            "0.6": 50.24,
            "0.65": 45.43,
            "0.7": 40.52,
            "0.75": 33.46,
            "0.8": 25.44,
            "0.85": 16.75,
            "0.9": 9.96,
            "0.95": 3.14
        }
    }
}