{
    "brief": {
        "MR-full-R1@0.3": 66.64,
        "MR-full-R1@0.5": 55.54,
        "MR-full-R1@0.7": 37.66,
        "MR-full-mAP": 40.26,
        "MR-full-mAP@0.5": 64.6,
        "MR-full-mAP@0.75": 40.84,
        "MR-full-mIoU": 48.72,
        "MR-long-mAP": 0.0,
        "MR-middle-mAP": 39.07,
        "MR-short-mAP": 40.58
    },
    "full": {
        "MR-mIoU": 48.72,
        "MR-mAP": {
            "0.5": 64.6,
            "0.55": 60.97,
            "0.6": 57.1,
            "0.65": 52.72,
            "0.7": 47.25,
            "0.75": 40.84,
            "0.8": 33.41,
            "0.85": 24.77,
            "0.9": 15.23,
            "0.95": 5.71,
            "average": 40.26
        },
        "MR-R1": {
            "0.3": 66.64,
            "0.35": 64.57,
            "0.4": 62.04,
            "0.45": 59.11,
            "0.5": 55.54,
            "0.55": 51.48,
            "0.6": 47.55,
            "0.65": 43.31,
            "0.7": 37.66,
            "0.75": 31.32,
            "0.8": 24.57,
            "0.85": 16.85,
            "0.9": 9.49,
            "0.95": 2.96
        }
    },
    "long": {
        "MR-mAP": {
            "0.5": 0.0,
            "0.525": 0.0,
            "0.55": 0.0,
            "0.575": 0.0,
            "0.6": 0.0,
            "0.625": 0.0,
            "0.65": 0.0,
            "0.675": 0.0,
            "0.7": 0.0,
            "0.725": 0.0,
            "0.75": 0.0,
            "0.7749999999999999": 0.0,
            "0.8": 0.0,
            "0.825": 0.0,
            "0.85": 0.0,
            "0.875": 0.0,
            "0.8999999999999999": 0.0,
            "0.925": 0.0,
            "0.95": 0.0,
            "average": 0.0
        },
        "MR-R1": {
            "0.5": 0.0,
            "0.525": 0.0,
            "0.55": 0.0,
            "0.575": 0.0,
            "0.6": 0.0,
            "0.625": 0.0,
            "0.65": 0.0,
            "0.675": 0.0,
            "0.7": 0.0,
            "0.725": 0.0,
            "0.75": 0.0,
            "0.7749999999999999": 0.0,
            "0.8": 0.0,
            "0.825": 0.0,
            "0.85": 0.0,
            "0.875": 0.0,
            "0.8999999999999999": 0.0,
            "0.925": 0.0,
            "0.95": 0.0,
            "average": 0.0
        }
    },
    "middle": {
        "MR-mIoU": 48.33,
        "MR-mAP": {
            "0.5": 64.52,
            "0.55": 59.73,
            "0.6": 54.98,
            "0.65": 49.5,
            "0.7": 43.06,
            "0.75": 38.36,
            "0.8": 32.37,
            "0.85": 25.56,
            "0.9": 15.97,
            "0.95": 6.69,
            "average": 39.07
        },
        "MR-R1": {
            "0.3": 67.13,
            "0.35": 65.48,
            "0.4": 62.18,
            "0.45": 57.99,
            "0.5": 53.81,
            "0.55": 48.48,
            "0.6": 43.65,
            "0.65": 39.21,
            "0.7": 33.12,
            "0.75": 28.68,
            "0.8": 23.6,
            "0.85": 16.75,
            "0.9": 10.66,
            "0.95": 4.19
        }
    },
    "short": {
        "MR-mIoU": 48.82,
        "MR-mAP": {
            "0.5": 64.63,
            "0.55": 61.31,
            "0.6": 57.66,
            "0.65": 53.59,
            "0.7": 48.38,
            "0.75": 41.51,
            "0.8": 33.69,
            "0.85": 24.56,
            "0.9": 15.04,
            "0.95": 5.45,
            "average": 40.58
        },
        "MR-R1": {
            "0.3": 66.51,
            "0.35": 64.32,
            "0.4": 62.01,
            "0.45": 59.41,
            "0.5": 56.0,
            "0.55": 52.29,
            "0.6": 48.6,
            "0.65": 44.41,
            "0.7": 38.88,
            "0.75": 32.03,
            "0.8": 24.83,
            "0.85": 16.88,
            "0.9": 9.17,
            "0.95": 2.63
        }
    }
}