{
    "brief": {
        "MR-full-R1@0.3": 66.53,
        "MR-full-R1@0.5": 55.43,
        "MR-full-R1@0.7": 37.61,
        "MR-full-mAP": 41.82,
        "MR-full-mAP@0.5": 69.22,
        "MR-full-mAP@0.75": 42.51,
        "MR-full-mIoU": 48.68,
        "MR-long-mAP": 0.0,
        "MR-middle-mAP": 40.59,
        "MR-short-mAP": 42.16
    },
    "full": {
        "MR-mIoU": 48.68,
        "MR-mAP": {
            "0.5": 69.22,
            "0.55": 65.53,
            "0.6": 61.5,
            "0.65": 56.67,
            "0.7": 50.25,
            "0.75": 42.51,
            "0.8": 33.3,
            "0.85": 22.7,
            "0.9": 12.61,
            "0.95": 3.94,
            "average": 41.82
        },
        "MR-R1": {
            "0.3": 66.53,
            "0.35": 64.49,
            "0.4": 61.91,
            "0.45": 58.98,
            "0.5": 55.43,
            "0.55": 51.45,
            "0.6": 47.47,
            "0.65": 43.23,
            "0.7": 37.61,
            "0.75": 31.37,
            "0.8": 24.81,
            "0.85": 17.02,
            "0.9": 9.54,
            "0.95": 3.01
        }
    },
    "long": {
        "MR-mAP": {
            "0.5": 0.0,
            "0.525": 0.0,
            "0.55": 0.0,
            "0.575": 0.0,
            "0.6": 0.0,
            "0.625": 0.0,
            "0.65": 0.0,
            "0.675": 0.0,
            "0.7": 0.0,
            "0.725": 0.0,
            "0.75": 0.0,
            "0.7749999999999999": 0.0,
            "0.8": 0.0,
            "0.825": 0.0,
            "0.85": 0.0,
            "0.875": 0.0,
            "0.8999999999999999": 0.0,
            "0.925": 0.0,
            "0.95": 0.0,
            "average": 0.0
        },
        "MR-R1": {
            "0.5": 0.0,
            "0.525": 0.0,
            "0.55": 0.0,
            "0.575": 0.0,
            "0.6": 0.0,
            "0.625": 0.0,
            "0.65": 0.0,
            "0.675": 0.0,
            "0.7": 0.0,
            "0.725": 0.0,
            "0.75": 0.0,
            "0.7749999999999999": 0.0,
            "0.8": 0.0,
            "0.825": 0.0,
            "0.85": 0.0,
            "0.875": 0.0,
            "0.8999999999999999": 0.0,
            "0.925": 0.0,
            "0.95": 0.0,
            "average": 0.0
        }
    },
    "middle": {
        "MR-mIoU": 49.2,
        "MR-mAP": {
            "0.5": 69.07,
            "0.55": 64.49,
            "0.6": 59.16,
            "0.65": 53.29,
            "0.7": 46.04,
            "0.75": 40.08,
            "0.8": 32.45,
            "0.85": 22.74,
            "0.9": 13.59,
            "0.95": 4.99,
            "average": 40.59
        },
        "MR-R1": {
            "0.3": 68.4,
            "0.35": 66.5,
            "0.4": 63.2,
            "0.45": 59.14,
            "0.5": 55.08,
            "0.55": 49.62,
            "0.6": 44.54,
            "0.65": 39.97,
            "0.7": 33.88,
            "0.75": 29.31,
            "0.8": 24.37,
            "0.85": 17.51,
            "0.9": 10.91,
            "0.95": 4.31
        }
    },
    "short": {
        "MR-mIoU": 48.54,
        "MR-mAP": {
            "0.5": 69.26,
            "0.55": 65.81,
            "0.6": 62.13,
            "0.65": 57.58,
            "0.7": 51.39,
            "0.75": 43.16,
            "0.8": 33.53,
            "0.85": 22.69,
            "0.9": 12.35,
            "0.95": 3.66,
            "average": 42.16
        },
        "MR-R1": {
            "0.3": 66.03,
            "0.35": 63.95,
            "0.4": 61.56,
            "0.45": 58.94,
            "0.5": 55.53,
            "0.55": 51.94,
            "0.6": 48.26,
            "0.65": 44.1,
            "0.7": 38.61,
            "0.75": 31.92,
            "0.8": 24.93,
            "0.85": 16.88,
            "0.9": 9.17,
            "0.95": 2.66
        }
    }
}